"Experiment","Run","Correlation","MAE","RMSE","LMP","R2","Count_P","Time","First","Second","Third","FirstM","SecondM","ThirdM"
"S1",1,0.871210057516861,3.03106407928835,5.14947152611462,-968.462137395551,0.738275258865005,20,4536.582,"x9*x6","sigmoid(x13)*x9","x9*x13",1,1,1
"S2",1,0.897358457987721,2.81426405268722,4.44602631883193,-969.71339943643,0.804897194121997,14,4928.44,"x6*x6","x9*p0(x13)","p3(x6*x6)*x9",1,1,1
"S3",1,0.894927445106142,2.85427638096661,4.49510833313937,-965.340886928853,0.800565732509464,20,5801.369,"x10*p0(x13)","x10*x6","x10",1,1,1
"S4",1,0.877574232960659,3.07256143704283,4.97680506353419,-971.978450085872,0.755532733115252,16,4273.891,"x9*x6","p0(x13)*x9","x9",1,1,1
"S5",1,0.858174447197726,3.17342193187347,5.4777062614775,-975.669919031546,0.70384645447331,20,4073.843,"sigmoid(x13)*x9","x6","x11",1,1,0.99999999999931
"S6",1,0.891662949335291,2.88204372660212,4.56077243148282,-967.476983094379,0.794696542931612,13,3855.297,"x11","x10*x6","p0(x13)*x10",1,1,1
"S1",2,0.835626698280616,3.37911802773994,6.34430672824833,-963.660382026796,0.602728143303344,22,4766.055,"exp_dbl(x13)*x1","x6*x10","x11",1,1,0.999999999999993
"S2",2,0.793339230389279,3.89464665900699,7.54197047721513,-970.597147189491,0.43857840605386,15,4992.437,"x10","x6*x10","sigmoid(x13)*x1",1,1,1
"S3",2,0.894728933009893,2.8540565405418,4.4991539548273,-965.340886928853,0.800206587137988,14,5876.611,"x6","x10","p0(x13)*x10",1,1,1
"S4",2,0.844321476843949,3.31162848992169,6.06780707226963,-969.563064862674,0.636601622099353,12,4190.427,"x6*x9","x6","x9*x13",1,1,1
"S5",2,0.896650196876731,2.87076937113707,4.46977135162502,-966.137138888535,0.802807645723478,17,4358.812,"p3(x6)*x9","p3(x6)","p0(x13)*x9",1,1,1
"S6",2,0.886786848791612,2.94386607759587,4.66388306579064,-973.694841368025,0.78530854313864,14,3911.464,"x6","p0(x6)","x9*p0(x13)",1,1,1
"S1",3,0.899871644257563,2.75062060617981,4.39325809776637,-962.288086286062,0.809500915357439,21,5363.805,"p0(x13)*x9","x11","p3(x6)*x9",1,1,0.999999999988571
"S2",3,0.809372823374104,3.62062746866066,7.30423357312273,-967.351434976748,0.473414662983174,19,5135.077,"x1*sigmoid(x13)","x6","x10*p3(p3(x6))",1,1,1
"S3",3,0.876660995633461,2.9531963701552,5.0514472255538,-964.490919673195,0.748144698553378,16,5948.894,"p3(x6)","p0(x13)*x9","p3(x6)*x9",1,0.999999999999998,0.999999943890347
"S4",3,0.895142168902282,2.84520419351275,4.49085651353108,-965.340886928853,0.800942834654298,15,4279.558,"p0(x13)*x10","x6*x10","x13",1,1,0.999999998929962
"S5",3,0.799217896983697,3.79326789518712,7.68827092638927,-979.519301119164,0.416586042641739,16,4082.803,"troot(x6)","p3(sigmoid(x13))*x1","((x5*x6)*(x6*x6))*x11",1,1,1
"S6",3,0.8912814954816,3.03520039630608,4.57077401524364,-978.534651755309,0.79379511177307,13,3588.89,"x6","x6*x9","troot(x13)*x9",1,1,1
"S1",4,0.865441500965272,3.15248065461012,5.51919835965202,-973.231443849692,0.699342901122469,18,4333.367,"x6*(x6*(x11*(x6*x10)))","troot(exp_dbl(x13*x8))","p0(x6)",1,0.999999999999979,0.999999942037264
"S2",4,0.826127283339779,3.52405167732171,7.11291809245448,-963.433342889123,0.500638481265787,17,5256.619,"x6*x10","x6","x1*sigmoid(x13)",1,1,1
"S3",4,0.808952470585187,3.73046982508873,7.27949085635225,-969.670924804105,0.476976182183541,18,5971.303,"x6","sigmoid(x13)*x1","x11",1,1,0.999999999740691
"S4",4,0.897843559523858,2.70524341802135,4.43661314148194,-970.324167862452,0.80572246730431,12,4308.189,"p3(x6)","p0(x13)*x10","(x10*p3(x6))*x11",1,1,1
"S5",4,0.868642835447664,3.10742599314278,5.14796137168068,-972.228239795974,0.738428745225991,18,4003.863,"x6*x6","x9","x6*x9",1,1,1
"S6",4,0.831798243568641,3.47845008372749,6.23950048477374,-976.752690755427,0.615745375988266,18,3581.956,"x6","x10","x11",1,0.999991149141444,0.999980941914809
"S1",5,0.898945754325254,2.75054172767717,4.41261295618499,-963.457276643767,0.807818699287917,23,4872.268,"p0(x13)*x10","x13","x11",1,0.974605467484792,0.935038724667254
"S2",5,0.890218693611629,2.91022148791689,4.58931152549071,-968.364014526626,0.792119125758835,13,4757.334,"x10*x6","p0(x13)*x10","x10",1,1,1
"S3",5,0.872432181189917,3.01021770807731,5.08090941949421,-969.610987481565,0.745198276145196,19,6220.285,"x6*x9","x9*x13","x9*exp_dbl(x13)",1,1,1
"S4",5,0.85751628638034,3.19025204572602,5.474184047802,-974.373127413324,0.704227190734762,13,4332.518,"x8","x1","x11",1,1,1
"S5",5,0.793792220603068,3.80202010688349,8.33640059810515,-974.220444145859,0.314075036293875,15,4130.241,"x6*x1","x10","(sigmoid(x13)*x1)*x6",1,1,1
"S6",5,0.817046637397564,3.64083178827061,6.69291375864166,-983.38186815626,0.55787007080024,11,3558.561,"exp_dbl(x13)*x1","troot(x13)*p3(x11*x6)","sigmoid(x6)",1,1,0.999999985064812
"S1",6,0.871186215237488,3.03046534950507,5.15032337150638,-968.462137395551,0.738188660675635,21,4992.877,"sigmoid(x13)*x9","p3(x6)","x1",1,1,0.999997047925438
"S2",6,0.798287806468395,3.60996906489987,8.30627889261619,-972.867122609121,0.319022951680635,17,4933.47,"x11","x13*x6","sigmoid(x13*x8)*(x13*x6)",1,1,0.999999999999984
"S3",6,0.843205016519393,3.42465666422188,6.2444946932442,-967.218920839472,0.615130001176486,24,6034.943,"x1*exp_dbl(x13)","x6*x13","x1",1,0.999999998292916,0.999999958590925
"S4",6,0.824076233853664,3.50022435899158,6.7386844054743,-970.592116362538,0.551802229729737,16,4287.68,"x10*x6","x6*x6","x1*sigmoid(x13)",1,1,1
"S5",6,0.885505371316939,2.95437586710597,4.74177647432175,-982.088640115898,0.778077359018016,17,3848.905,"x9*troot(p0(x13*x6))","x9","x6*x6",1,1,1
"S6",6,0.794812845203585,3.8744340625393,7.52711688502575,-969.926092995957,0.440787620647955,11,3756.115,"sigmoid(x13)*x1","x6*x10","x11",1,1,1
"S1",7,0.894906356733047,2.85498471344082,4.49552973421852,-965.340886928853,0.800528338191629,19,4574.493,"x10*x6","x10*p0(x13)","x9",1,1,0.999999999772542
"S2",7,0.814329433796338,3.6870167539834,7.56061359744048,-967.815878520127,0.435799401111652,15,5355.945,"x9","x10","x6*x10",1,1,1
"S3",7,0.87020342823108,2.99804758198185,5.23927885462878,-972.439237858361,0.729066638995752,18,6348.998,"sigmoid(x13)*x9","x13*(x5*x10)","x11",1,0.999999999999939,0.999999999999859
"S4",7,0.82863673854874,3.46206916227873,6.52326294701822,-973.504021214006,0.580000061692474,15,4138.167,"x11","(exp_dbl(x13)*x5)*x1","p3(x6)",1,1,0.999999999999999
"S5",7,0.894879245112587,2.85057613406452,4.49615558812833,-965.340886928853,0.800472794655383,14,3809.093,"x6","x10","x10*p0(x13)",1,1,1
"S6",7,0.851715101744791,3.31826419951918,5.59614438742325,-979.558406859429,0.69090122821006,13,3693.138,"sigmoid(x13)*x9","x11","x1",1,0.999999999999071,0.99999768723363
"S1",8,0.895852003520403,2.87098249194824,4.47575578294185,-971.306369568774,0.802279263398941,17,4723.96,"troot(x13)*x9","(x6*x9)*x6","x9*x6",1,0.999999999999994,0.999999999999549
"S2",8,0.89684509205707,2.82976804863888,4.45527579613444,-958.912420462008,0.804084569102865,22,5657.649,"p3(x6*x6)*x9","p0(x13)*x9","x13*x9",1,1,0.999999949086692
"S3",8,0.83751937203722,3.35511496326987,6.36234970458459,-966.943223681164,0.600465276851732,16,5489.552,"x6*x6","x10*x6","x1*sigmoid(1+x13)",1,1,0.999999999999913
"S4",8,0.899941212340626,2.71993860271811,4.39191433178874,-968.420637400901,0.809617433455745,11,4018.575,"(x6*x6)*x6","x10*p0(x13)","p3(x6)*x10",1,1,1
"S5",8,0.88568361326642,2.97448991690439,4.68944141964706,-974.897598303372,0.782949052076201,17,4171.953,"p0(x13)*x9","p3(x6)","x8",1,0.999999999953482,0.99997889112267
"S6",8,0.883182133121068,2.9253016884926,4.7922934626976,-974.101828125563,0.77332362102059,11,4011.006,"p3(x6)","x9*p3(x6)","p0(x13)*x9",1,1,1
"S1",9,0.860219697054549,3.17170520916165,5.54370044642436,-970.514099028964,0.696667484197078,20,4874.329,"(x10*x1)*exp_dbl(x13)","x11","x13*x6",1,1,0.999999999236485
"S2",9,0.900258954099481,2.71707200569064,4.38386751750366,-973.09727333582,0.810314427799798,15,5017.252,"p3(x6)*x10","x10*p0(x13)","x1",1,1,0.999997965796317
"S3",9,0.845951045005343,3.24998472393433,6.09307733646382,-965.110359408548,0.633568468527773,20,5696.923,"x10","x1*exp_dbl(x13)","x6*(x6*x10)",1,1,1
"S4",9,0.811946819266293,3.68128298632777,7.04416313784339,-970.051910276615,0.510245688978231,13,4285.37,"x1","x1*sigmoid(x13)","x11",1,1,1
"S5",9,0.855498719907025,3.30691290344487,5.680034287622,-981.680234904159,0.681564578113872,14,4161.589,"x6*(x9*sigmoid(x13))","x13*x9","x9*x6",1,1,0.999999999813873
"S6",9,0.881823825034071,2.75430098809448,4.77447428692661,-972.543810082729,0.775006187759145,13,3791.637,"x11","x9*p3(x6)","p3(x6)",1,1,1
"S1",10,0.895016644369983,2.84938799525201,4.49334901847529,-965.340886928853,0.800721812827571,18,4525.852,"p0(x13)*x10","x10*x6","x1",1,1,0.999999927279812
"S2",10,0.823774658221566,3.64664265291935,6.58765453303255,-973.154475957251,0.571667440038088,10,4782.341,"exp_dbl(x13)*x1","(x5*x11)*x6","x8",1,1,1
"S3",10,0.803207374211732,3.75651799851039,7.42590615135153,-970.461811972113,0.455725021382691,21,6383.195,"sigmoid(x13)*x1","x6*x10","x10",1,0.999999999999995,0.999999999999428
"S4",10,0.832328727159221,3.48622973371381,6.65246734152138,-964.477964002881,0.563197657100856,18,4396.644,"exp_dbl(x13)*x1","x6*x10","x13*x10",1,1,1
"S5",10,0.894882308754174,2.85281036556816,4.49603890527364,-965.340886928853,0.80048315065902,13,3485.091,"p0(x13)*x10","x10","x11",1,0.999999999999991,0.999999999999405
"S6",10,0.865886940179685,2.96058393323686,5.06474891497759,-983.137520205548,0.746816559639814,11,3981.759,"x9","p3(x6)*x9","(exp_dbl(x13)*x9)*x13",1,1,1
"S1",11,0.832787395744426,3.46831291393688,6.7374647316027,-960.394068906232,0.551964458914446,15,4865.523,"x10*x6","x6*x6","x13*x10",1,0.999999999995519,0.999996735289273
"S2",11,0.899107171005945,2.79242373698093,4.411391813226,-964.694092402456,0.807925052766842,19,5341.15,"p0(x13)*x9","x6","p0(x6)",1,1,0.999999981557948
"S3",11,0.831672176228879,3.40164429586298,6.70516255542897,-965.575987332613,0.55625029340634,14,6157.01,"x1","x10*p3(x6)","x6*(x13*x10)",1,1,1
"S4",11,0.887097161411098,3.00681803324341,4.66124766026351,-974.093867669378,0.785551104620962,19,4158.335,"x9*x6","x6*x6","x9",1,1,1
"S5",11,0.893903813815324,2.91498092130122,4.52521543425231,-975.111368925908,0.797885265145037,18,3973.263,"x10*x6","x6","x10*troot(x13)",1,1,0.999994843296829
"S6",11,0.894718763005061,2.85212813800703,4.49940354119274,-965.340886928853,0.800184419817028,13,3498.208,"x6","x10","p0(x13)*x10",1,1,1
"S1",12,0.839249312501078,3.3405906276243,6.30565732723858,-966.174966702215,0.607553745481269,16,4649.894,"x1*sigmoid(x13)","p3(x6)","x9*x6",1,1,1
"S2",12,0.822404638089721,3.53815655378579,7.14759736409606,-960.825630705172,0.49575730323398,18,5014.853,"x1","x6*x10","sigmoid(x13)*x1",1,1,1
"S3",12,0.817654069764447,3.60771713625768,7.29845248745889,-965.694938582977,0.474247886674891,21,5897.637,"x6*x9","x9*x13","sigmoid(x13)*x1",1,0.999999999999998,0.999999999999842
"S4",12,0.863703643531587,3.02581892301496,5.59823138854534,-961.541332661815,0.690670637386346,20,4431.292,"x10","p3(x6)*x10","p3(x6)",1,1,1
"S5",12,0.828350768665271,3.49713921280334,7.00115973810868,-971.446051199116,0.516207167384385,14,4206.877,"x1*exp_dbl(x13)","x6","x8",1,0.999999999999607,0.9999991732715
"S6",12,0.880665655427194,3.05647222937106,4.7748948803261,-984.8433955949,0.77496654566463,14,3506.029,"x13*x9","x11","p0(x13)",0.999999999999998,0.999999999999986,0.999999997555045
"S1",13,0.892591332598597,2.86326925747595,4.55027262067498,-968.889448538322,0.795640754081741,16,5172.623,"x9*p0(x13)","x11","x8",1,0.999999999999792,0.999999508379723
"S2",13,0.850015202706079,3.25951727468616,6.14418627993305,-965.28799245686,0.627395406003012,19,5136.924,"exp_dbl(x13)*x1","x13*x10","x6",1,0.999999980569849,0.999999726616458
"S3",13,0.800835448225079,3.80163525671789,7.37127954699844,-969.150352810074,0.46370318219596,18,5677.794,"x1","x6*x6","x6*x10",1,1,1
"S4",13,0.815139845334388,3.68210198908733,7.55048973426732,-967.815878520125,0.437309348791302,18,4268.239,"x6","x10*x6","x1*sigmoid(x13)",1,1,0.999999999987107
"S5",13,0.834870791635495,3.4895821196997,6.70488244660209,-961.009007114045,0.55628736800742,22,4588.6,"x1*sigmoid(x13)","x11","x10",1,0.999999999999999,0.999999999999986
"S6",13,0.887400244397453,2.86918568823503,4.64344236127652,-976.959852737854,0.787186303712127,12,3891.071,"x6","x10","x11",1,1,1
"S1",14,0.842112898785026,3.31271431858228,6.21304729723415,-966.174966702215,0.618996665810349,16,4892.12,"x9*x6","x9*x13","x11",1,1,0.999999999999999
"S2",14,0.891998241184949,2.87619758395486,4.55406579123479,-967.476983094379,0.795299898649146,17,5059.792,"x10*x6","x10*p0(x13)","x6",1,1,1
"S3",14,0.835728708634382,3.37267684271125,6.39031623286251,-979.411861906172,0.596945144463367,17,5692.115,"x10","x10*x13","x10*sigmoid(x13)",0.999999999999999,0.999999999999734,0.999999999998387
"S4",14,0.810673383096004,3.62637879143866,7.3109144185459,-964.123757479143,0.472450935825291,19,4404.502,"p3(x6)*x10","x1*sigmoid(x13)","x11",1,1,0.999999999999999
"S5",14,0.869844326695703,2.94618022617805,5.10366834001239,-982.038905473847,0.742910496749591,13,3928.838,"x9*p3(x6)","p3(x6)","x13*x9",1,0.999999999909273,0.999999999821153
"S6",14,0.823827901672694,3.53985976656535,6.90286028715692,-964.670441646027,0.529697135820033,12,3562.253,"x6*x6","x1","x11",1,1,1
"S1",15,0.824755386715442,3.53546266194608,6.62705420768065,-979.923473567179,0.566528545703757,17,4973.92,"x1*exp_dbl(x13)","x13*x6","x6*x11",1,1,0.999999992786635
"S2",15,0.848830324290971,3.25350030897505,5.92733432290684,-965.959563234002,0.653232566477611,16,5083.646,"x1*exp_dbl(x13)","x11","p3(x6)",1,0.999999999999469,0.999999222252212
"S3",15,0.815751041558113,3.63707959253726,7.49929237891496,-959.734151744379,0.444914313391579,18,5982.885,"x11","x1*sigmoid(x13)","x6*x6",1,1,1
"S4",15,0.894878896526788,2.86086812373622,4.4960319575355,-965.340886928853,0.800483767286136,16,4545.307,"x6*x10","p0(x13)*x10","x9",1,1,0.999999999999452
"S5",15,0.828054469165491,3.44315171183437,6.68885974772009,-973.78275331472,0.558405519719201,19,4163.761,"p3(x6)","x5*x1","sigmoid(x13)*(x5*x1)",1,1,1
"S6",15,0.805261197747732,3.72221599075568,7.1265843990411,-976.876664801621,0.498717755191483,10,3671.194,"(x5*x6)*(x11*p3(x6))","x6","x1",1,1,1
"S1",16,0.839784466942653,3.36393521462092,6.60979277986602,-956.745714646633,0.56878372316189,22,5315.211,"x10*x6","sigmoid(x13)*x1","x1",1,1,1
"S2",16,0.817925716471192,3.66306941628598,6.73080910316679,-972.746224905987,0.552849208694175,15,4789.277,"exp_dbl(x13)*x1","x11*x5","x13",1,1,1
"S3",16,0.658218353561894,5.14507552828414,17.8089955101139,-973.59304249788,-2.13038897710974,24,5538.205,"p3(x6)*sigmoid(x8*x13)","x12","x9*x13",1,0.999999999999983,0.999999999669025
"S4",16,0.894297705963429,2.869538960893,4.52324041159141,-974.852578549634,0.798061651916567,16,3917.077,"x9*p3(x6)","x9*p0(x13)","x9",1,1,1
"S5",16,0.870551699786893,3.01537039148608,5.16322553128152,-974.898746021234,0.736875281866925,15,4080.883,"x9","x11*(x5*(x10*x13))","p3(x6)*x9",1,1,1
"S6",16,0.819071988517292,3.59546069277826,6.86649251732771,-967.840512560446,0.53463966969225,14,3645.499,"x6*x10","x10","x13*x10",1,1,1
"S1",17,0.894844039388633,2.85306080101725,4.49682078264517,-965.340886928853,0.800413751226627,21,4941.052,"x10*p0(x13)","x10*x6","x1",1,1,1
"S2",17,0.814806494763276,3.65252827334155,6.92802265262429,-975.955998531936,0.526262182588523,16,5133.321,"x6*x9","exp_dbl(x13)*x1","x11",1,1,0.999999999999999
"S3",17,0.865053716185545,3.10186650057249,5.24377248891692,-977.207893810632,0.728601690449248,15,5151.927,"x9","x9*x6","x10*x13",1,1,1
"S4",17,0.806177376439764,3.78585863262445,7.21121143212451,-974.711353800382,0.486741777898189,17,4262.346,"x13","(x5*(x6*x11))*x6","x1",1,1,1
"S5",17,0.805370791110544,3.65306024795347,7.40408549952333,-970.788631546961,0.458918971161278,19,3867.005,"x11","x9*x6","x9",0.999999999999995,0.999999999996075,0.999999999160712
"S6",17,0.890320760026848,2.88770321208981,4.5890491007736,-968.697980304506,0.792142899050142,15,3650.897,"x6*x9","p0(p0(x13))*x9","x11",1,1,0.999995706523808
"S1",18,0.838602373731215,3.35118329770267,6.6291763099481,-956.745714646634,0.566250890502272,23,5260.488,"x10*x6","x11","x8",1,0.999999999999782,0.999999772545958
"S2",18,0.830664196098726,3.4184740941621,6.64018030714085,-961.212891124181,0.564809705301711,16,4854.588,"x1*sigmoid(x13)","x10*x6","x6*x6",1,1,1
"S3",18,0.8852780321971,2.96209308277993,4.78708168643507,-965.818507918157,0.773816388912254,21,6013.342,"p3(x6)*x9","p0(x13)*x9","x11",1,1,0.999999608795105
"S4",18,0.896350363315699,2.83262684480699,4.48158393496523,-971.865405857442,0.801763999905125,13,4401.568,"x6*x6","x6*(x6*x9)","x6",1,1,1
"S5",18,0.826614314729119,3.66275486450006,7.07098571192486,-966.388645605136,0.506508841497052,20,4209.349,"x6","x10","x6*x10",1,1,1
"S6",18,0.797025181409122,3.86744484016149,7.41288210173195,-971.944539349619,0.457632518702924,15,3746.67,"x6*x10","sigmoid(x13)*x1","x11",1,1,0.999999999999691
"S1",19,0.842840884713422,3.30791633871123,6.14497045268316,-963.660382026796,0.627300290066904,21,5282.726,"x1*exp_dbl(x13)","x10","x1",1,1,0.99999999358723
"S2",19,0.838985192702456,3.48072528421286,6.35763465774607,-966.107230175706,0.601057236421002,17,5649.286,"exp_dbl(x13)*x1","x10","x1",1,0.999999999999998,0.999999995977266
"S3",19,0.876502901756987,2.96546736854818,5.03953392736431,-972.965037086161,0.749331245330736,19,5982.81,"x11","x8","x6*x10",0.99999721557969,0.999995335908593,0.999988248658071
"S4",19,0.901245462931524,2.74715564560289,4.36911548518106,-969.548744076033,0.81158889128566,18,4283.412,"x9*p0(x13)","troot(x6)","x6",1,1,1
"S5",19,0.862225124940114,3.15071401550641,5.46735804358236,-973.329670716695,0.704964355458966,17,4062.679,"x9","x9*(x6*x6)","x6*x6",1,1,1
"S6",19,0.901630062511238,2.66938499383133,4.35624893941967,-976.952298428385,0.812696955681872,16,3724.731,"troot(p0(x13))*(x6*x9)","x7","x1",1,0.999999999999988,0.999999999999979
"S1",20,0.803433829080114,3.90362752039095,7.18915726978929,-973.96596092169,0.48987638877006,21,5164.909,"exp_dbl(x13)*x1","x6*x10","x10",1,0.999999999999993,0.999999961887099
"S2",20,0.886422049088148,2.93846199897624,4.72509027447351,-973.993505481479,0.779636492010991,18,4918.144,"x6*x10","x11","x9",1,0.999999999816359,0.999999077949819
"S3",20,0.869526937968312,3.05775428447488,5.11761639704219,-971.541428299276,0.7415033523779,14,5922.154,"x9*exp_dbl(x13)","x11","x9",1,0.999999999999988,0.999999999999283
"S4",20,0.894912831522356,2.85330866213735,4.49541744759903,-965.340886928853,0.800538302631947,16,3967.59,"x10*p0(x13)","x6*x10","x11",1,1,0.999999999999973
"S5",20,0.894341157563743,2.87841403063346,4.50683609664032,-965.889422763684,0.799523724675745,17,4220.26,"x6","p0(x13)*x10","x10*x6",1,1,1
"S6",20,0.860758361764794,3.21124414637448,5.52935642082134,-978.073237545855,0.698235166438923,14,3742.804,"x6*x10","troot(x13)*x9","x6",1,0.999999999999858,0.999999999999852
"S1",21,0.899197453580163,2.84835453232286,4.41328100695944,-964.427735109084,0.807760504025082,16,4681.143,"x9*troot(x13)","x6*(x6*x9)","x9*x13",0.999999999999989,0.999999999999981,0.999999999999979
"S2",21,0.898604527634042,2.80078059682996,4.42124878671162,-964.694092402456,0.807065735369325,15,4886.757,"x9*p0(x13)","p0(x6)","x6*(x6*x9)",1,0.999999999999903,0.999999993365238
"S3",21,0.86998673180144,3.10247703473804,5.00362569980499,-973.673381857766,0.752890702660285,18,5873.456,"sigmoid(p0(x13))*x9","x9*x6","x9",1,1,0.999999999999997
"S4",21,0.842858087902425,3.44303289536872,5.86483740127944,-974.666236473313,0.660506542713642,15,4142.825,"x1*sigmoid(x5*x13)","x11*x6","x11",1,0.999999999999878,0.999999999992521
"S5",21,0.809665506084226,3.73378567878505,7.38193181069793,-974.039817043686,0.462152053151304,23,4526.135,"x7*(x1*exp_dbl(x13))","x13","x10*x6",1,0.999999077139494,0.999999074220059
"S6",21,0.829318548530794,3.43026101795367,6.58473354991955,-975.248706441365,0.572047203362368,14,3649.696,"x1","x6*x11","x11",1,1,1
"S1",22,0.899510422859003,2.76196014398474,4.40112415854786,-959.372822445084,0.808818133310246,19,5428.303,"x9*p0(x13)","x6","x9*p3(x6)",1,1,0.999999999999361
"S2",22,0.863878545513734,3.17547520156363,5.30535561138179,-973.661568114426,0.722189628225723,17,4971.691,"x6","x9*x6","x9*sigmoid(x13)",1,1,1
"S3",22,0.888707721919806,3.00334780616324,4.62892974173552,-980.434615781199,0.7885144812113,15,5574.153,"x9*p0(x13*x6)","x11","x13*x9",1,0.999979361563827,0.999934013935037
"S4",22,0.807229138660288,3.78685919096365,7.37469717485779,-972.236073447436,0.463205768462299,15,4216.1,"x1*exp_dbl(x13)","p3(x6)*x10","p3(x6)",1,1,1
"S5",22,0.871038894343544,3.06482818334726,5.1837539872425,-974.258516990186,0.73477880858722,14,3823.779,"x9*p3(x6)","x9*sigmoid(x13)","p3(x6)",1,1,1
"S6",22,0.886292069765853,2.97228479845277,4.7460641874541,-976.810264336187,0.777675834045794,18,3694.838,"x6*x6","x9*(x6*x6)","p0(x13)*x9",1,1,1
"S1",23,0.900195650543266,2.81487329113668,4.39218932262337,-963.751382927937,0.809593591870541,20,5151.83,"x9*troot(x13)","x9*x13","p0(x6)",0.99999999999996,0.999999999969938,0.999999994327887
"S2",23,0.811900682301003,3.73208919847313,7.23334515895915,-971.092557324547,0.483586205001253,16,4964.031,"x10*x6","exp_dbl(x13)*x1","x10",1,1,1
"S3",23,0.863291021260365,3.15167339290848,5.39919265524601,-975.859688035399,0.712275326785157,15,5767.875,"troot(x6)","(sigmoid(x13)*x5)*x9","x9*p3(x6)",1,1,1
"S4",23,0.834058853747248,3.40781076369426,6.66696246183125,-964.45191256021,0.561292078292227,18,4316.47,"x10","x6*x10","x6",1,1,1
"S5",23,0.884441721086656,2.94487529207864,4.69996623352363,-990.883548652645,0.781973676051638,15,3906.254,"x9","p3(x6)","p3(x6)*p3(x10)",1,1,1
"S6",23,0.863380347642064,3.10594105487463,5.46889186409849,-979.24032421281,0.704798792787588,11,3719.358,"x10*x13","x10*exp_dbl(x13)","x6",1,1,1
"S1",24,0.876228173027056,2.94172232547195,5.06557899981841,-962.718792736143,0.746733562057242,18,5074.875,"x6","x10*x6","x11",1,1,0.999999999473756
"S2",24,0.871235916054342,3.03173347684218,5.14900005640589,-968.462137395551,0.738323182088971,15,5116.024,"x13*x9","p3(x6)","x6*x9",1,1,1
"S3",24,0.883887790757003,2.94006631031903,4.72280195656616,-976.319816244992,0.779849880381371,17,5752.162,"x6*x6","x10","x1",1,1,0.999999999545773
"S4",24,0.827656039719566,3.50512703718561,6.69669804548999,-969.015853825286,0.557369953945499,16,4158.632,"x6","x10","troot(x6)*x10",1,1,1
"S5",24,0.889872079140753,2.78584702756326,4.59321711908066,-969.755413841478,0.791765153849976,13,4034.486,"x9*exp_dbl(p0(x13))","x6*x6","x6*(x6*((x6*x6)*x9))",1,1,0.999999999999987
"S6",24,0.819274309587255,3.5718563983048,6.9068643792588,-964.910959380276,0.529151367233067,11,3696.578,"x6*x6","x1*sigmoid(x13)","x10*x13",1,1,0.999999999998455
"S1",25,0.871240644226907,3.03108881779335,5.14861515260702,-968.462137395551,0.738362302941798,20,5069.417,"p3(x6)","sigmoid(x13)*x9","x6*x9",1,1,0.999999999999998
"S2",25,0.810487594388633,3.68004847854121,7.49171291726314,-970.896569860459,0.446035785751648,17,5079.488,"p3(x6)","x10*x13","x11",1,1,0.999999999999663
"S3",25,0.825343323190746,3.51592899412783,7.05687439215401,-964.981873297934,0.508476562295012,13,5900.996,"x11","x6*x9","x12",1,0.999999999999979,0.999998076461728
"S4",25,0.813366724368601,3.59017393216754,6.93164719068069,-968.014269233156,0.525766361487122,13,4179.403,"x6*x6","exp_dbl(x13)*x1","x10*x6",1,1,1
"S5",25,0.793165428641529,3.66012418573782,8.18476921665809,-975.087641095096,0.338800778881617,15,3967.365,"x9*x6","x9","sigmoid(x8*x13)",1,1,0.99999999778323
"S6",25,0.89472616754529,2.81725367626119,4.50813387265403,-980.357520792815,0.799408250868736,13,3701.932,"p3(x6)*x9","p0(p0(x13))*(x9*x11)","p3(x6)",1,1,1
"S1",26,0.894919054609073,2.85744744181269,4.49524601791862,-965.340886928853,0.800553515013647,20,5059.98,"x6*x10","p0(x13)*x10","x1",1,1,0.999999592795244
"S2",26,0.889531059951761,2.94262280618978,4.60216551794486,-969.534873635678,0.790953006939439,11,4764.052,"x10*x6","x10*p0(x13)","x6",1,1,1
"S3",26,0.822500667697457,3.66208461464318,7.00335424019796,-973.201542811914,0.515903831704785,19,5544.977,"x6*x10","x1*exp_dbl(x13)","x9*x13",1,0.999999999999985,0.999999999865057
"S4",26,0.868422548886949,3.10089578689581,5.24942636676499,-969.599242055056,0.728016127241322,19,4518.04,"x9*sigmoid(x13)","(x13*x9)*x5","x6*x9",1,1,0.999999999999937
"S5",26,0.847488697265318,3.28800367683114,5.91163166189852,-978.547916030437,0.655067441482853,17,3892.153,"x10*(exp_dbl(x13)*x10)","x6","x11",1,0.999999999999998,0.999999999999785
"S6",26,0.826644798782323,3.4360109019839,7.02523921690835,-973.409802448699,0.512873573224423,18,3783.614,"sigmoid(x13)*x1","x9*p3(x6)","p3(x6)",1,1,1
"S1",27,0.835747992682561,3.4568934826997,6.78646659695755,-962.42315204939,0.545423596314122,26,5103.98,"x6*x10","exp_dbl(x13)*x1","x1",1,0.999999999999973,0.999999783615886
"S2",27,0.818880014007974,3.60055130299507,6.98899040293172,-967.840512560445,0.517887551954558,16,5073.726,"x1","x6*x10","x6*x6",1,1,1
"S3",27,0.808326867040449,3.85884905891553,6.96364917500108,-976.376551519195,0.521377375654785,15,5759.7,"x6*p0(x13)","x6","x10",0.999999999976914,0.999999999810934,0.999999999765597
"S4",27,0.894910002491386,2.86017511719011,4.49540756200029,-965.340886928853,0.800539179879126,17,4219.308,"p0(x13)*x10","x6*x10","x13",1,1,0.999999998692818
"S5",27,0.857672120402231,3.15972580784535,5.66839761379484,-963.421982261434,0.682867997493873,17,4363.671,"exp_dbl(x13)*x1","x1","x6*x6",0.999999999940626,0.999999442487741,0.999999023157355
"S6",27,0.898639891680849,2.71999627425475,4.41722347259246,-981.372778616552,0.807416888412581,11,3846.193,"x10*p0(x13*x10)","x10","p3(x6)",1,1,1
"S1",28,0.885212743038269,2.94116895065159,4.68390929821691,-975.74514035996,0.783460858848472,18,4818.506,"x11","x6*x9","x1",1,1,0.999073725144804
"S2",28,0.871197330412845,3.03044121556271,5.14937897349974,-968.462137395551,0.738284666856238,18,5014.555,"p3(x6)","x6*x9","x9*sigmoid(x13)",1,1,1
"S3",28,0.726615034174929,4.12790673395254,10.9254914123738,-980.353246152174,-0.178152249483797,18,6102.698,"exp_dbl(x13)*x3","x6*x3","x11",1,1,0.999999999989986
"S4",28,0.893825184367848,2.80350327885789,4.51640518917263,-977.270718937036,0.798671502596294,11,4241.149,"p3(x6)","p3(x9)","p3((x11*(x6*x6))*x5)",1,1,1
"S5",28,0.870064570824088,3.06087681516732,5.1966378034838,-969.569082299322,0.733458797058394,18,3981.161,"sigmoid(x13)*x9","(x5*x13)*x9","x11",1,0.999999999999999,0.999999999999978
"S6",28,0.806620653003504,3.80475102791084,7.05417083204947,-974.84752954261,0.508853105374093,15,3856.223,"x10*x6","x6","x10",1,1,1
"S1",29,0.814945018399397,3.59987296930285,6.86084123134586,-967.066013916206,0.535405359620842,20,5399.184,"exp_dbl(x13)*x1","x6*x10","x6*x6",1,0.999999999999994,0.999999999999717
"S2",29,0.894890010148933,2.85504305406707,4.49586589758888,-965.340886928853,0.800498505189876,19,4877.603,"x1","x6*x10","x10*p0(x13)",1,1,1
"S3",29,0.879548869365182,2.83239243282193,4.81288865664712,-971.471839759126,0.771371121451585,24,6156.799,"exp_dbl(x13)*(x13*x9)","x11","x13*x9",1,0.999999999999999,0.999999999999992
"S4",29,0.820980135335335,3.56948947136471,6.80243668040514,-971.822871975947,0.543281637826614,11,4034.398,"x6*x6","x6*x10","x11",1,1,1
"S5",29,0.837074047742847,3.43738866971844,6.06792479474608,-983.080528349873,0.636587521264745,16,4225.221,"x10*(exp_dbl(x13)*x10)","x10*x6","x10*x13",1,1,0.999999319871904
"S6",29,0.813886577418034,3.67444448360699,7.2895382787552,-972.320149575961,0.475531392175761,10,3548.226,"x10","(x6*x6)*sigmoid(x13)","x6*x10",1,1,1
"S1",30,0.837328859167915,3.33160506832737,6.40197179370676,-964.923173754468,0.595473506909276,19,5460.586,"x9*p3(x6)","p0(x6)","x1",0.999999993625154,0.999999977871913,0.999999877914579
"S2",30,0.819564640371311,3.56140859715578,6.94533174754064,-964.390003515467,0.523892035509725,16,5128.32,"x10*x6","sigmoid(x13)*x1","x6*x6",1,1,1
"S3",30,0.827789352214423,3.4284731844143,6.72032599806482,-963.853884371715,0.554240981452006,15,5855.788,"troot(x6)","x1*sigmoid(x13)","x6",1,1,1
"S4",30,0.861063682944056,3.18316204306852,5.51072959725297,-973.207599991349,0.700264861126231,18,4083.485,"x10*sigmoid(p0(x13))","x10*x6","x1",1,1,0.999998833052918
"S5",30,0.863590322683803,3.08805078820744,5.25487573804791,-979.204489068186,0.727451147260981,20,3852.17,"x9*exp_dbl(x13)","x10","x10*x6",1,1,1
"S6",30,0.863243441605512,3.12425178947248,5.27262864949013,-980.865905294132,0.725606495144216,11,3896.338,"x5*(exp_dbl(x13)*x9)","x6","x1",1,0.999999999999873,0.999999996104421
