"Experiment","Run","F1","F2","F3","F4","Count_FP","Correlation","Correlation_FP","MAE","Count_P","Time","FirstFeature","SecondFeature","ThirdFeature"
"P1",1,FALSE,FALSE,FALSE,FALSE,2,0.604544956779782,0.604544956779782,0.0373820636447501,2,594.5,"troot(x4*x4)","x2*x4","NA"
"P1",2,FALSE,FALSE,FALSE,FALSE,3,0.733983070416538,0.733983070416538,0.0346001734121618,3,618.29,"troot(x4*x4)","x4*x2","x4"
"P1",3,FALSE,FALSE,FALSE,FALSE,2,0.604544956779782,0.604544956779782,0.0361813251781431,2,599.8,"troot(x4*x4)","x2*x4","NA"
"P1",4,TRUE,FALSE,FALSE,FALSE,0,1,NA,0.0322966243840662,1,598.91,"troot((x4*x6)*x4)","NA","NA"
"P1",5,FALSE,FALSE,FALSE,FALSE,7,0.57092857848781,0.57092857848781,0.030155366878766,7,606.53,"troot(x4*x4)","x2*x4","x6"
"P1",6,TRUE,FALSE,FALSE,FALSE,0,1,NA,0.0322621358774422,1,574.05,"troot(x4*(x4*x6))","NA","NA"
"P1",7,TRUE,FALSE,FALSE,FALSE,2,0.635475473737891,0.453213210606836,0.0322057387265401,3,577.48,"troot(x4*(x4*x6))","x2","troot(x4*x4)"
"P1",8,FALSE,FALSE,FALSE,FALSE,7,0.694310458117225,0.694310458117225,0.078120990319716,7,594.879999999999,"x4","x10*x4","troot(x4)*x4"
"P1",9,TRUE,FALSE,FALSE,TRUE,0,0.999999460710163,NA,0.03620721398779,2,577.28,"troot(x4*(x4*x7))","troot((x6*x4)*x4)","NA"
"P1",10,TRUE,FALSE,FALSE,FALSE,1,0.50221070672575,0.00442141345149907,0.0315085041295585,2,589.879999999999,"troot((x4*x6)*x4)","x10","NA"
"P1",11,FALSE,FALSE,FALSE,FALSE,3,0.371839007534399,0.371839007534399,0.039946684258083,3,573.48,"troot(x4*x4)","x2*x4","x2"
"P1",12,FALSE,FALSE,FALSE,FALSE,5,0.833111138500608,0.833111138500608,0.0312092763385205,5,585.05,"x4*x2","troot(x4*x4)","x4"
"P1",13,FALSE,FALSE,FALSE,FALSE,7,0.749520163559321,0.749520163559321,0.06273624368506,7,599.97,"x4","x4*x10","troot(x4*x4)"
"P1",14,TRUE,FALSE,FALSE,FALSE,0,1,NA,0.0322399115995418,1,577.799999999999,"troot(x4*(x4*x6))","NA","NA"
"P1",15,FALSE,FALSE,FALSE,TRUE,1,0.996429109555188,0.992859297690051,0.0437377589277544,2,587.92,"troot((x4*x7)*x4)","x4","NA"
"P1",16,TRUE,FALSE,FALSE,FALSE,1,0.462258623933997,-0.075482752132005,0.0306351524094039,2,586.450000000001,"troot(x4*(x4*x6))","x6","NA"
"P1",17,FALSE,FALSE,FALSE,TRUE,2,0.63309510938467,0.449643203366842,0.0457057148505223,3,575.35,"troot((x7*x4)*x4)","x2","x4"
"P1",18,TRUE,FALSE,FALSE,FALSE,3,0.480449489752386,0.307265986336515,0.031753860726531,4,559.75,"troot(x4*(x4*x6))","x10","x6"
"P1",19,FALSE,FALSE,FALSE,FALSE,3,0.404503775670354,0.404503775670354,0.0387857933325187,3,617.199999999999,"troot(x4*x4)","x4*x2","x10"
"P1",20,FALSE,FALSE,FALSE,FALSE,3,0.733983070416538,0.733983070416538,0.033521049591655,3,611.25,"troot(x4*x4)","x4*x2","x4"
"P1",21,FALSE,FALSE,FALSE,FALSE,5,0.865852860767065,0.865852860767065,0.0781450839601704,5,609.560000000001,"x4","troot(x4)*x4","x4*x10"
"P1",22,FALSE,FALSE,FALSE,FALSE,5,0.783659404012364,0.783659404012364,0.0790432063757734,5,612.32,"x4","x10*x4","x4*troot(x4)"
"P1",23,FALSE,FALSE,FALSE,FALSE,5,0.626030915929254,0.626030915929254,0.0391288695941181,5,589.01,"troot(x4*x4)","x4","x4*x6"
"P1",24,FALSE,FALSE,FALSE,FALSE,4,0.260008567617798,0.260008567617798,0.0361765599991621,4,594.179999999998,"troot(x4*x4)","x4*x2","x6"
"P1",25,FALSE,FALSE,FALSE,FALSE,4,0.740221798098744,0.740221798098744,0.0944026990029269,4,618.23,"x4","x4*troot(x4)","x4*x10"
"P1",26,TRUE,FALSE,FALSE,FALSE,0,1,NA,0.032378697370262,1,604.390000000001,"troot(x4*(x6*x4))","NA","NA"
"P1",27,TRUE,FALSE,FALSE,FALSE,1,0.50221070672575,0.00442141345149907,0.0310797695559043,2,599.73,"troot((x4*x4)*x6)","x10","NA"
"P1",28,FALSE,FALSE,FALSE,FALSE,5,0.833111138500608,0.833111138500608,0.0300278793579735,5,587.129999999999,"troot(x4*x4)","x4*x2","x4"
"P1",29,FALSE,FALSE,FALSE,FALSE,4,0.527094080073312,0.527094080073312,0.0358350465514364,4,601.470000000001,"troot(x4*x4)","x4*x2","x2"
"P1",30,FALSE,FALSE,FALSE,FALSE,2,0.604544956779782,0.604544956779782,0.0383491117916686,2,591.439999999999,"troot(x4*x4)","x2*x4","NA"
"P2",1,FALSE,FALSE,FALSE,FALSE,4,0.527094080073312,0.527094080073312,0.0350598321556016,4,625.389999999999,"troot(x4*x4)","x4*x2","x4"
"P2",2,FALSE,FALSE,FALSE,FALSE,6,0.650423022233851,0.650423022233851,0.0377168181623696,6,630.450000000001,"troot(x4*x4)","x4","x4*x8"
"P2",3,TRUE,FALSE,FALSE,FALSE,0,1,NA,0.0318586480181351,1,629.129999999997,"troot(x4*(x4*x6))","NA","NA"
"P2",4,TRUE,FALSE,FALSE,FALSE,0,1,NA,0.0322374758178304,1,638.769999999997,"troot((x6*x4)*x4)","NA","NA"
"P2",5,TRUE,FALSE,FALSE,FALSE,1,0.50221070672575,0.00442141345149907,0.0307928228966084,2,641.939999999999,"troot(x4*(x6*x4))","x10","NA"
"P2",6,TRUE,FALSE,FALSE,TRUE,2,0.749319908140469,0.498640355570775,0.036294970770797,4,642.34,"troot(x4*(x7*x4))","troot((x6*x4)*x4)","x4"
"P2",7,FALSE,FALSE,FALSE,FALSE,4,0.267238121297937,0.267238121297937,0.0327880870710345,4,626.25,"troot(x4*x4)","x4*x2","x6"
"P2",8,TRUE,FALSE,FALSE,FALSE,1,0.996429648845025,0.992859297690051,0.0321475224070804,2,623.389999999999,"troot((x6*x4)*x4)","x4","NA"
"P2",9,FALSE,FALSE,FALSE,FALSE,2,0.604544956779782,0.604544956779782,0.0387504869873377,2,629.029999999999,"troot(x4*x4)","x2*x4","NA"
"P2",10,TRUE,FALSE,FALSE,FALSE,1,0.996429648845025,0.992859297690051,0.0328192677059886,2,645.860000000001,"troot((x4*x6)*x4)","x4","NA"
"P2",11,FALSE,FALSE,FALSE,FALSE,6,0.708963591950553,0.708963591950553,0.0713218004177534,6,668,"x4","x4*x10","x4*troot(x4)"
"P2",12,FALSE,FALSE,FALSE,FALSE,2,0.604544956779782,0.604544956779782,0.0377790736277372,2,640.82,"troot(x4*x4)","x4*x2","NA"
"P2",13,TRUE,FALSE,FALSE,TRUE,0,0.999999460710163,NA,0.0361134080120005,2,630.75,"troot(x4*(x7*x4))","troot(x4*(x4*x6))","NA"
"P2",14,FALSE,FALSE,FALSE,FALSE,4,0.262715586591847,0.262715586591847,0.0359186352487904,4,650.68,"troot(x4*x4)","x2*x4","x2"
"P2",15,FALSE,FALSE,FALSE,FALSE,3,0.733983070416538,0.733983070416538,0.0356839946058696,3,608.919999999998,"troot(x4*x4)","x2*x4","x4"
"P2",16,TRUE,FALSE,FALSE,FALSE,2,0.665760237047183,0.498640355570775,0.031720384763687,3,659.950000000001,"troot(x4*(x6*x4))","x10","x4"
"P2",17,TRUE,FALSE,FALSE,FALSE,1,0.996429648845025,0.992859297690051,0.0309602965092023,2,642.09,"troot((x6*x4)*x4)","x4","NA"
"P2",18,FALSE,FALSE,FALSE,FALSE,3,0.985488592981159,0.985488592981159,0.0788532569446312,3,638.16,"x4","x4*x10","x4*troot(x4)"
"P2",19,FALSE,FALSE,FALSE,FALSE,4,0.527094080073312,0.527094080073312,0.0347935021900085,4,667.16,"troot(x4*x4)","x4*x2","x2"
"P2",20,TRUE,FALSE,FALSE,FALSE,2,0.665760237047183,0.498640355570775,0.0313450896822422,3,626.649999999998,"troot(x4*(x6*x4))","x10","x4"
"P2",21,TRUE,FALSE,FALSE,FALSE,3,0.738672634702098,0.651563512936131,0.0319966263733599,4,633.810000000001,"troot((x4*(x6*x4)))","x8*x4","troot(x4*x4)"
"P2",22,FALSE,FALSE,FALSE,FALSE,3,0.985488592981159,0.985488592981159,0.0909676676136891,3,625.390000000003,"x10*x4","x4","x4*troot(x4)"
"P2",23,FALSE,FALSE,FALSE,FALSE,4,0.260008567617798,0.260008567617798,0.0381666720694753,4,650.389999999999,"troot(x4*x4)","x4*x2","x6"
"P2",24,FALSE,FALSE,FALSE,FALSE,5,0.417659677613183,0.417659677613183,0.0348389124749198,5,624.66,"troot(x4*x4)","x4*x8","x4"
"P2",25,FALSE,FALSE,FALSE,FALSE,3,0.733983070416538,0.733983070416538,0.0388411090013399,3,695.870000000003,"troot(x4*x4)","x2*x4","x4"
"P2",26,FALSE,FALSE,FALSE,TRUE,5,0.888210537542609,0.865852860767065,0.051779840596262,6,630.440000000002,"x4","troot(((x4*x7)*x4))","x10*x4"
"P2",27,FALSE,FALSE,FALSE,TRUE,0,0.999998921420326,NA,0.0449877548551742,1,661.440000000002,"troot(x4*(x4*x7))","NA","NA"
"P2",28,FALSE,FALSE,FALSE,FALSE,3,0.733983070416538,0.733983070416538,0.0388966112905858,3,657.019999999997,"troot(x4*x4)","x4*x2","x4"
"P2",29,FALSE,FALSE,FALSE,FALSE,2,0.604544956779782,0.604544956779782,0.0378675845842757,2,630.360000000001,"troot(x4*x4)","x2*x4","NA"
"P2",30,FALSE,FALSE,FALSE,FALSE,5,0.865852860767065,0.865852860767065,0.0625234160301867,5,634.970000000001,"troot(x4*x4)","x4","x3*x4"
"P3",1,FALSE,FALSE,FALSE,FALSE,3,0.381478412441251,0.381478412441251,0.0362161959668037,3,576.639999999999,"troot(x4*x4)","x4*x2","x7"
"P3",2,FALSE,FALSE,FALSE,FALSE,3,0.284002128515961,0.284002128515961,0.0369869362144127,3,571.68,"troot(x4*x4)","x2*x4","x3"
"P3",3,TRUE,FALSE,FALSE,FALSE,1,0.453213554521817,-0.0935728909563669,0.0343335021313318,2,569.729999999996,"troot(x4*(x4*x6))","x2","NA"
"P3",4,FALSE,FALSE,TRUE,FALSE,3,0.996429498692413,0.995239401024006,0.0381548229231638,4,580.059999999998,"x4","troot((x9*x4)*(x9*x4))","troot(x4*x4)"
"P3",5,FALSE,FALSE,FALSE,FALSE,3,0.377869053809186,0.377869053809186,0.0369306650026756,3,575.610000000001,"troot(x4*x4)","x4*x2","x6"
"P3",6,TRUE,FALSE,FALSE,FALSE,1,0.999999656085019,0.999999312170039,0.0306319324829807,2,582.040000000001,"troot(x4*(x4*x6))","troot(x4*x4)","NA"
"P3",7,FALSE,FALSE,FALSE,FALSE,5,0.57441356626177,0.57441356626177,0.0359231609414382,5,574.25,"troot(x4*x4)","x4","x8*x4"
"P3",8,TRUE,FALSE,FALSE,FALSE,1,0.996429648845025,0.992859297690051,0.0322891835212505,2,574,"troot(x4*(x4*x6))","x4","NA"
"P3",9,TRUE,FALSE,TRUE,FALSE,5,0.904180585076138,0.865852860767065,0.0561911350591279,7,565.829999999994,"x4","troot(x4)*x4","x10*x4"
"P3",10,FALSE,FALSE,FALSE,FALSE,5,0.98986494709689,0.98986494709689,0.0810630689014307,5,589.75,"x4","x4*x10","troot(x4)*x4"
"P3",11,FALSE,FALSE,FALSE,TRUE,1,0.996429109555188,0.992859297690051,0.0426424356510299,2,619.470000000001,"troot((x4*x7)*x4)","x4","NA"
"P3",12,FALSE,FALSE,FALSE,FALSE,4,0.534323633753451,0.534323633753451,0.034526214448681,4,593.900000000001,"troot(x4*x4)","x4*x2","x7"
"P3",13,FALSE,FALSE,FALSE,TRUE,1,0.45321301523198,-0.0935728909563669,0.0453046085823284,2,600.449999999997,"troot((x7*x4)*x4)","x2","NA"
"P3",14,TRUE,FALSE,FALSE,FALSE,1,0.50221070672575,0.00442141345149907,0.0313205147505599,2,567.010000000002,"troot((x6*x4)*x4)","x10","NA"
"P3",15,FALSE,FALSE,FALSE,FALSE,4,0.267238121297937,0.267238121297937,0.0361432055786497,4,582.400000000001,"troot(x4*x4)","x4*x2","x6"
"P3",16,TRUE,FALSE,FALSE,FALSE,1,0.467672661882095,-0.0646546762358107,0.0309691881609112,2,573.849999999999,"troot((x4*x4)*x6)","x7","NA"
"P3",17,TRUE,FALSE,FALSE,TRUE,2,0.749319908140469,0.498640355570775,0.0362814913478186,4,614.440000000002,"troot((x4*x7)*x4)","troot((x4*x6)*x4)","x4"
"P3",18,FALSE,FALSE,FALSE,FALSE,5,0.452567015058878,0.452567015058878,0.0590356635314009,5,575.260000000002,"troot(x4*x4)","x4*x3","x4*x8"
"P3",19,FALSE,FALSE,FALSE,FALSE,3,0.371839007534399,0.371839007534399,0.0386845854787064,3,615.160000000003,"troot(x4*x4)","x2*x4","x2"
"P3",20,FALSE,FALSE,FALSE,FALSE,5,0.831349739176229,0.831349739176229,0.0527321235582707,5,649.040000000001,"troot(x4*x4)","x4*x10","x4"
"P3",21,TRUE,FALSE,FALSE,FALSE,1,0.996429648845025,0.992859297690051,0.0321000054025508,2,596.299999999996,"troot((x4*x4)*x6)","x4","NA"
"P3",22,TRUE,FALSE,FALSE,TRUE,2,0.724821332038503,0.449643203366842,0.0377236899956898,4,571.980000000003,"troot((x4*x7)*x4)","troot((x4*x4)*x6)","x2"
"P3",23,FALSE,FALSE,FALSE,FALSE,4,0.740221798098744,0.740221798098744,0.0932437409131957,4,581.5,"x4","x4*x10","x4*troot(x4)"
"P3",24,FALSE,FALSE,FALSE,FALSE,3,0.788552607527299,0.788552607527299,0.0688267467039428,3,575.889999999999,"troot(x4*x4)","x4*x3","x4"
"P3",25,FALSE,FALSE,FALSE,FALSE,6,0.481828830945274,0.481828830945274,0.0947679028108572,6,621.160000000003,"x4","x4*troot(x4)","x10*x4"
"P3",26,FALSE,FALSE,FALSE,FALSE,2,0.604544956779782,0.604544956779782,0.038749943842268,2,570.5,"troot(x4*x4)","x2*x4","NA"
"P3",27,FALSE,FALSE,FALSE,TRUE,2,0.790932482104058,0.686399262445923,0.0434741629799648,3,581.309999999998,"troot(x7)*troot(x4*x4)","troot(x4*x4)","x3*x4"
"P3",28,FALSE,FALSE,FALSE,FALSE,5,0.833111138500608,0.833111138500608,0.031267205666456,5,577.879999999997,"x4*x2","troot(x4*x4)","x4"
"P3",29,TRUE,FALSE,FALSE,FALSE,1,0.996429648845025,0.992859297690051,0.032418565063171,2,590.950000000004,"troot(x4*(x4*x6))","x4","NA"
"P3",30,FALSE,FALSE,FALSE,FALSE,5,0.783659404012364,0.783659404012364,0.0797920870255024,5,606.370000000003,"x4","x4*x10","x4*troot(x4)"
"P4",1,FALSE,FALSE,FALSE,FALSE,2,0.604544956779782,0.604544956779782,0.0388999749940707,2,647.559999999998,"x4*x2","troot(x4*x4)","NA"
"P4",2,FALSE,FALSE,FALSE,FALSE,4,0.798702213905137,0.798702213905137,0.040739184331489,4,642.590000000004,"troot(x4*x4)","x4","x4*x7"
"P4",3,FALSE,FALSE,FALSE,FALSE,5,0.600286867840536,0.600286867840536,0.0606443628936983,5,629.57,"troot(x4)*troot(x4)","x4*x3","x4"
"P4",4,TRUE,FALSE,FALSE,FALSE,1,0.996429648845025,0.992859297690051,0.0322479120185058,2,636.580000000002,"troot((x4*x6)*x4)","x4","NA"
"P4",5,FALSE,FALSE,FALSE,FALSE,3,0.985488592981159,0.985488592981159,0.0912086999026214,3,663.349999999999,"x4","x10*x4","x4*troot(x4)"
"P4",6,FALSE,FALSE,FALSE,FALSE,5,0.865852860767065,0.865852860767065,0.0703884748208458,5,633.340000000004,"x4","x4*troot(x4)","x4*x10"
"P4",7,FALSE,FALSE,FALSE,TRUE,1,0.996429109555188,0.992859297690051,0.0434360617010271,2,652.18,"troot(x4*(x7*x4))","x4","NA"
"P4",8,FALSE,FALSE,FALSE,TRUE,2,0.303615814638486,-0.0445757387524339,0.0465678032310872,3,646.909999999996,"troot((x4*x4)*x7)","x2","x10"
"P4",9,FALSE,FALSE,FALSE,FALSE,3,0.985488592981159,0.985488592981159,0.0927340546336509,3,621.840000000004,"x4","troot(x4)*x4","x10*x4"
"P4",10,FALSE,FALSE,FALSE,FALSE,6,0.88206682298457,0.88206682298457,0.0774105837863774,6,634.519999999997,"x4","x4*x4","x4*x10"
"P4",11,FALSE,FALSE,FALSE,FALSE,5,0.989864936865089,0.989864936865089,0.0721328521346925,5,630.400000000001,"x4","x10*x4","x4*troot(x4)"
"P4",12,FALSE,FALSE,FALSE,FALSE,5,0.452567015058878,0.452567015058878,0.0599565815467657,5,662.18,"troot(x4*x4)","x3*x4","x4"
"P4",13,FALSE,FALSE,FALSE,FALSE,6,0.85478205442919,0.85478205442919,0.0309512670451444,6,646.870000000003,"troot(x4)*troot(x4)","x4*x2","x4"
"P4",14,TRUE,FALSE,FALSE,FALSE,1,0.996429648845025,0.992859297690051,0.0321269117949466,2,637.879999999997,"troot((x6*x4)*x4)","x4","NA"
"P4",15,FALSE,FALSE,FALSE,FALSE,6,0.818526177449047,0.818526177449047,0.0675787617081461,6,625.739999999998,"x4","x4*x10","x4*troot(x4)"
"P4",16,FALSE,FALSE,FALSE,FALSE,5,0.406578713632249,0.406578713632249,0.0336742922985773,5,672.020000000004,"troot(x4*x4)","x4*x2","x6"
"P4",17,TRUE,FALSE,FALSE,FALSE,1,0.453213554521817,-0.0935728909563669,0.0341906808098554,2,666.43,"troot((x6*x4)*x4)","x2","NA"
"P4",18,TRUE,FALSE,FALSE,FALSE,2,0.665760237047183,0.498640355570775,0.0302956077887677,3,642.050000000003,"troot((x4*x6)*x4)","x10","x4"
"P4",19,FALSE,FALSE,FALSE,FALSE,5,0.833111138500608,0.833111138500608,0.0313935953098657,5,660.599999999991,"troot(x4*x4)","x2*x4","x4"
"P4",20,TRUE,FALSE,FALSE,FALSE,1,0.996429648845025,0.992859297690051,0.032083194741929,2,649.280000000013,"troot((x4*x6)*x4)","x4","NA"
"P4",21,TRUE,FALSE,FALSE,FALSE,1,0.453213554521817,-0.0935728909563669,0.0342200833316665,2,639.829999999987,"troot(x6*(x4*x4))","x2","NA"
"P4",22,FALSE,FALSE,FALSE,FALSE,2,0.604544956779782,0.604544956779782,0.0386484244550482,2,657.080000000002,"troot(x4*x4)","x4*x2","NA"
"P4",23,FALSE,FALSE,FALSE,FALSE,3,0.371839007534399,0.371839007534399,0.038263102496354,3,643.139999999999,"troot(x4*x4)","x4*x2","x2"
"P4",24,FALSE,FALSE,FALSE,FALSE,5,0.788081955278251,0.788081955278251,0.0374333856363532,5,633.770000000004,"troot(x4*x4)","x4","x8*x4"
"P4",25,FALSE,FALSE,FALSE,FALSE,5,0.152570981608603,0.152570981608603,0.0383601401369453,5,633.360000000001,"troot(x4*x4)","x4*x2","x2"
"P4",26,FALSE,FALSE,FALSE,FALSE,4,0.715723221996778,0.715723221996778,0.0937401926665905,4,637.579999999987,"x4","x4*x10","x4*troot(x4)"
"P4",27,TRUE,FALSE,FALSE,FALSE,0,1,NA,0.0306178189160065,1,629.329999999987,"troot(x6*(x4*x4))","NA","NA"
"P4",28,FALSE,FALSE,FALSE,FALSE,3,0.381478412441251,0.381478412441251,0.0389787996369978,3,624.62000000001,"troot(x4*x4)","x4*x2","x7"
"P4",29,FALSE,FALSE,FALSE,FALSE,3,0.985488592981159,0.985488592981159,0.0932463288573805,3,647.349999999991,"x4","x4*x10","x4*troot(x4)"
"P4",30,FALSE,FALSE,FALSE,FALSE,3,0.404503775670354,0.404503775670354,0.0389634153848987,3,627.660000000003,"x2*x4","troot(x4*x4)","x10"
"P5",1,FALSE,FALSE,FALSE,FALSE,3,0.371839007534399,0.371839007534399,0.0401937117765635,3,591.339999999997,"troot(x4*x4)","x2*x4","x2"
"P5",2,FALSE,FALSE,FALSE,FALSE,6,0.81411167654144,0.81411167654144,0.072136951102173,6,620.449999999997,"x4","x4*x10","x4*troot(x4)"
"P5",3,TRUE,FALSE,FALSE,FALSE,1,0.996429648845025,0.992859297690051,0.0327896607058345,2,603.420000000013,"troot((x6*x4)*x4)","x4","NA"
"P5",4,FALSE,FALSE,TRUE,FALSE,3,0.553377779677175,0.404503775670354,0.0323622593254066,4,577.740000000005,"troot((x9*x4)*(x9*x4))","x10","troot(x4)*troot(x4)"
"P5",5,FALSE,FALSE,TRUE,FALSE,5,0.511701340156531,0.41404164984831,0.0346810603163237,6,592.690000000002,"troot(x4*x4)","x8*x4","troot((x9*x4)*(x9*x4))"
"P5",6,FALSE,TRUE,FALSE,FALSE,3,0.738672546566269,0.651563512936131,0.037937851697947,4,573.809999999998,"x8*x4","troot(x4*x4)","x4"
"P5",7,FALSE,FALSE,FALSE,FALSE,3,0.733983070416538,0.733983070416538,0.0387870559034592,3,581.520000000004,"troot(x4*x4)","x2*x4","x4"
"P5",8,FALSE,FALSE,FALSE,FALSE,4,0.989116272778379,0.989116272778379,0.0751491154311332,4,579.049999999988,"x4","x4*troot(x4)","x10*x4"
"P5",9,FALSE,FALSE,FALSE,FALSE,3,0.733983070416538,0.733983070416538,0.0344844108279699,3,583.699999999997,"troot(x4*x4)","x2*x4","x4"
"P5",10,TRUE,FALSE,FALSE,FALSE,2,0.280590810935941,-0.0791137835960888,0.0334903720616374,3,580.759999999995,"troot((x6*x4)*x4)","x2","x7"
"P5",11,FALSE,FALSE,FALSE,FALSE,2,0.604544956779782,0.604544956779782,0.0389256017343457,2,568.110000000001,"troot(x4*x4)","x4*x2","NA"
"P5",12,FALSE,FALSE,FALSE,FALSE,4,0.568021232906383,0.568021232906383,0.067420779713747,4,570.470000000001,"troot(x4*x4)","x4*x3","x2"
"P5",13,TRUE,FALSE,FALSE,FALSE,0,1,NA,0.0323946334579647,1,573.139999999999,"troot(x6*(x4*x4))","NA","NA"
"P5",14,FALSE,FALSE,FALSE,FALSE,4,0.531616614779402,0.531616614779402,0.0327004648778034,4,569.759999999995,"troot(x4*x4)","x2*x4","x6"
"P5",15,FALSE,FALSE,FALSE,FALSE,3,0.733983070416538,0.733983070416538,0.0335129288988838,3,594.839999999997,"troot(x4*x4)","x2*x4","x4"
"P5",16,FALSE,FALSE,FALSE,FALSE,4,0.262715586591847,0.262715586591847,0.0402341783986375,4,561.319999999992,"x4*x2","troot(x4)*troot(x4)","x2"
"P5",17,TRUE,FALSE,FALSE,FALSE,1,0.462258623933997,-0.075482752132005,0.0318679632315936,2,572.660000000003,"troot((x6*x4)*x4)","x6","NA"
"P5",18,FALSE,FALSE,FALSE,TRUE,0,0.999998921420326,NA,0.0445200768908782,1,584.639999999999,"troot((x4*x7)*x4)","NA","NA"
"P5",19,TRUE,FALSE,FALSE,FALSE,1,0.462258623933997,-0.075482752132005,0.030352511515063,2,583.12999999999,"troot(x4*(x4*x6))","x6","NA"
"P5",20,FALSE,FALSE,FALSE,FALSE,6,0.81411167654144,0.81411167654144,0.0687512400093471,6,613.599999999991,"x4","x4*troot(x4)","x10*x4"
"P5",21,FALSE,FALSE,FALSE,FALSE,3,0.733983070416538,0.733983070416538,0.0386752779917624,3,659.330000000002,"troot(x4*x4)","x2*x4","x4"
"P5",22,FALSE,FALSE,FALSE,FALSE,6,0.642273723971001,0.642273723971001,0.0729177420062116,6,581.489999999991,"x4","x10*x4","x4*troot(x4)"
"P5",23,TRUE,FALSE,FALSE,FALSE,2,0.633095468911228,0.449643203366842,0.03447617263302,3,578.990000000005,"troot((x6*x4)*x4)","x2","x4"
"P5",24,TRUE,FALSE,FALSE,FALSE,1,0.50221070672575,0.00442141345149907,0.0313519399593432,2,606.489999999991,"troot(x4*(x4*x6))","x10","NA"
"P5",25,FALSE,FALSE,FALSE,FALSE,4,0.736887545794832,0.736887545794832,0.0389836251840609,4,604.469999999987,"troot(x4*x4)","x4","x4*x8"
"P5",26,FALSE,FALSE,FALSE,FALSE,7,0.609861577293002,0.609861577293002,0.0749645925761555,7,561.889999999999,"x4","troot(x4)*x4","x4*x10"
"P5",27,FALSE,FALSE,FALSE,FALSE,3,0.985488592981159,0.985488592981159,0.0839464896418612,3,599.080000000002,"x4","x4*x10","troot(x4)*x4"
"P5",28,FALSE,TRUE,FALSE,FALSE,7,0.89390937862039,0.878753625929491,0.0638996603635711,8,574.589999999997,"x4","x4*troot(x4)","x4*x10"
"P5",29,FALSE,FALSE,FALSE,FALSE,3,0.985488592981159,0.985488592981159,0.0872277221255554,3,610.160000000003,"x4","x4*x10","troot(x4)*x4"
"P5",30,TRUE,FALSE,FALSE,FALSE,0,1,NA,0.0311178432158877,1,578.460000000006,"troot(x4*(x4*x6))","NA","NA"
"P6",1,FALSE,FALSE,FALSE,FALSE,4,0.279984609013674,0.279984609013674,0.0384988481996579,4,658.289999999994,"troot(x4*x4)","x2*x4","x2"
"P6",2,FALSE,FALSE,FALSE,FALSE,4,0.986914523622905,0.986914523622905,0.0725242550131737,4,631.869999999995,"troot(x4*x4)","x4","x4*x4"
"P6",3,FALSE,FALSE,FALSE,FALSE,2,0.604544956779782,0.604544956779782,0.0375888230678839,2,655.460000000006,"troot(x4*x4)","x2*x4","NA"
"P6",4,TRUE,FALSE,FALSE,FALSE,1,0.996429648845025,0.992859297690051,0.0323303476106097,2,675.62000000001,"troot((x6*x4)*x4)","x4","NA"
"P6",5,FALSE,FALSE,FALSE,TRUE,1,0.502210167435913,0.00442141345149907,0.0446799875675786,2,636.62000000001,"troot(x4*(x4*x7))","x10","NA"
"P6",6,FALSE,FALSE,FALSE,FALSE,5,0.870275492085258,0.870275492085258,0.0544300873698193,5,621.899999999994,"troot(x4*x4)","x4","x3*x4"
"P6",7,FALSE,FALSE,FALSE,FALSE,4,0.720245756702868,0.720245756702868,0.0928560454683391,4,641.720000000001,"x4","troot(x4)*x4","x4*x10"
"P6",8,FALSE,FALSE,FALSE,FALSE,6,0.812307063935663,0.812307063935663,0.0720209053681931,6,650.409999999989,"x4","x4*troot(x4)","x4*x10"
"P6",9,TRUE,FALSE,FALSE,FALSE,4,0.572223529570405,0.465279411963006,0.0328409517350196,5,642.550000000003,"troot(x4*x4)*troot(x6)","x2","troot(x4*x4)"
"P6",10,FALSE,FALSE,TRUE,FALSE,4,0.838961809515943,0.798702313970519,0.0351924718904253,5,658.839999999997,"troot(x4*x4)","x4","troot(x9*(x9*(x4*x4)))"
"P6",11,TRUE,FALSE,FALSE,FALSE,1,0.453213554521817,-0.0935728909563669,0.0342924878374817,2,655.100000000006,"troot(x4*(x6*x4))","x2","NA"
"P6",12,FALSE,FALSE,FALSE,FALSE,4,0.83962946680359,0.83962946680359,0.0607162941130045,4,641.389999999999,"troot(x4)*troot(x4)","x4*x3","x4"
"P6",13,TRUE,FALSE,FALSE,FALSE,1,0.996429648845025,0.992859297690051,0.0324528021542785,2,643,"troot(x4*(x4*x6))","x4","NA"
"P6",14,FALSE,FALSE,FALSE,FALSE,2,0.604544956779782,0.604544956779782,0.0383143019609214,2,633.180000000008,"troot(x4*x4)","x2*x4","NA"
"P6",15,FALSE,FALSE,FALSE,FALSE,3,0.733983070416538,0.733983070416538,0.0388904342544588,3,658.569999999992,"troot(x4*x4)","x4*x2","x4"
"P6",16,FALSE,FALSE,FALSE,FALSE,4,0.740221798098744,0.740221798098744,0.0852566382032452,4,662.220000000001,"x4","x4*troot(x4)","x4*x10"
"P6",17,FALSE,FALSE,FALSE,TRUE,1,0.996429109555188,0.992859297690051,0.0434170944821704,2,644.839999999997,"troot(x4*(x7*x4))","x4","NA"
"P6",18,FALSE,FALSE,FALSE,FALSE,6,0.810839231165346,0.810839231165346,0.0434109126483933,6,647.979999999996,"x4","troot(x4*x4)","x6*x4"
"P6",19,TRUE,FALSE,FALSE,FALSE,1,0.453213554521817,-0.0935728909563669,0.0324647597581754,2,632.029999999999,"troot(x4*(x6*x4))","x2","NA"
"P6",20,FALSE,TRUE,FALSE,FALSE,4,0.786028826815228,0.732536121654865,0.0351098524843972,5,662.309999999998,"troot(x4*x4)","(x8*x4)*x2","x4"
"P6",21,FALSE,FALSE,FALSE,FALSE,3,0.995235940932625,0.995235940932625,0.0660962823448283,3,623.580000000002,"x4","troot((x4*x7)*(x4*x7))","x4*x6"
"P6",22,FALSE,FALSE,FALSE,FALSE,5,0.780619109346296,0.780619109346296,0.0449278005408211,5,628.299999999988,"troot(x4*x4)","x4","x7*x4"
"P6",23,TRUE,FALSE,FALSE,FALSE,1,0.996429648845025,0.992859297690051,0.0322668722402686,2,638.029999999999,"troot((x4*x6)*x4)","x4","NA"
"P6",24,TRUE,FALSE,FALSE,FALSE,5,0.636110426663941,0.563332511996729,0.0339115764106579,6,647.949999999997,"troot(x4)*troot(x4*x6)","x4","troot(x4*x4)"
"P6",25,TRUE,FALSE,FALSE,FALSE,1,0.467672661882095,-0.0646546762358107,0.0316243985979659,2,619.220000000001,"troot(x4*(x6*x4))","x7","NA"
"P6",26,FALSE,FALSE,FALSE,FALSE,7,0.59431552296385,0.59431552296385,0.0697192869435099,7,636.639999999999,"x4","x4*troot(x4)","x4*x10"
"P6",27,TRUE,FALSE,FALSE,FALSE,2,0.276981452303876,-0.0845278215441859,0.0333785454984404,3,625.190000000002,"troot((x6*x4)*x4)","x2","x6"
"P6",28,FALSE,FALSE,FALSE,FALSE,6,0.715182705463938,0.715182705463938,0.0640480729661794,6,643.410000000003,"x4","x4*x10","x4*troot(x4)"
"P6",29,FALSE,FALSE,FALSE,FALSE,5,0.664069959232533,0.664069959232533,0.0573996069095006,5,689.130000000005,"troot(x4*x4)","x4*x3","x4"
"P6",30,FALSE,FALSE,FALSE,FALSE,5,0.623865300750015,0.623865300750015,0.0392685388722769,5,639.429999999993,"troot(x4*x4)","x4","x4*x6"
